n_routes,delta_min_mean,delta_min_median,p25,p75,min,max
264,13.581401515151514,12.515,8.552499999999998,17.875,-26.86,50.0
