n_routes,delta_min_mean,delta_min_median,p25,p75,min,max
264,11.970227272727273,10.435,5.59,15.622499999999999,-20.97,50.33
